{"min": [-0.153773, -0.808154, -0.59874], "max": [0.148838, 0.567434, 0.592815]}